Name,Phone,Email,Birthday
Sean Solis,609-555-9647,wparsons@beck.com,1985-10-18 00:00:00
Melissa Ramsey,609-555-1564,aprilmunoz@garrett.biz,1920-02-10 00:00:00
Heather Clayton,609-555-2382,alejandragarcia@roman-henderson.info,1920-01-01 00:00:00
Peter Clark,609-555-5561,sandragill@chan.org,1996-10-25 00:00:00
Elizabeth Wilson,609-555-9018,pattersonvalerie@hernandez.com,2001-05-01 00:00:00
David Ponce,609-555-6731,john13@ramos.org,2003-08-02 00:00:00
Luke Harvey,609-555-8934,melanie75@simpson.info,1996-10-06 00:00:00
Katelyn Hanson,609-555-4402,michellekelley@yahoo.com,1996-06-01 00:00:00
Raymond Oconnor,609-555-8125,jonathan47@martin.com,2007-08-25 00:00:00
Andrew Thomas,609-555-7520,nbrock@black-compton.com,2000-12-01 00:00:00
Benjamin Ward,609-555-4955,lisarussell@green-smith.net,2006-01-26 00:00:00
Amanda Thompson,609-555-4579,eduardoadams@yahoo.com,2006-08-07 00:00:00
Ashley Barton,609-555-1443,johnmccoy@yahoo.com,2004-06-05 00:00:00
Amber Gibson,609-555-8370,mcclurebrian@yahoo.com,2005-05-04 00:00:00
Katherine Gillespie,609-555-8589,manuel05@hotmail.com,2003-08-12 00:00:00
Ashley Smith,609-555-7918,josephvillanueva@johnson.biz,2001-08-09 00:00:00
Mark Collins,609-555-4131,thompsondarrell@hunt.info,1997-12-05 00:00:00
Jeffrey Tucker,609-555-1547,christine38@skinner.com,2006-06-06 00:00:00
Stephen Franklin,609-555-5604,tammy69@yahoo.com,2004-09-08 00:00:00
Robin Thomas,609-555-8956,rlewis@watts.info,2011-07-11 00:00:00
